"Hotel_Name";"score_data";"price_data";"distance_to_center";"Estrelas";"breakfast";"Reviews_qty";"Free_Cancel";"only_x_left"
"
At Smile House
";8,1;15;0,85;2;0;1140;1;0
"
Novotel Bangkok Sukhumvit 20 - SHA Certified
";9;41;6;4;1;2167;1;0
"
Novotel Bangkok Platinum Pratunam - SHA Certified
";8,5;41;3,8;4;1;1313;1;1
"
lebua at State Tower (The World’s First Vertical Destination)
";8,8;71;4;5;0;3647;1;0
"
Bangkok Marriott Marquis Queen’s Park
";8,7;44;7;5;0;998;1;1
"
Carlton Hotel Bangkok Sukhumvit
";9,4;47;6;5;0;107;1;0
"
Oakwood Suites Bangkok - SHA Certified
";9;70;7;5;0;139;1;0
"
Hotel Indigo Bangkok Wireless Road
";9,1;59;4,8;5;0;800;1;1
"
The Continent Hotel Bangkok by Compass Hospitality
";8,2;29;6;5;1;1156;1;0
"
Novotel Bangkok on Siam Square
";8,3;44;3,5;4;0;2075;1;0
"
Pullman Bangkok King Power
";8,9;50;3,5;5;0;564;1;0
"
Millennium Hilton Bangkok
";8,4;87;3,1;5;0;3086;1;0
"
Evergreen Place Siam by UHG
";8,3;25;2,9;4;0;2814;1;0
"
Siam Kempinski Hotel Bangkok
";9,2;272;3,3;5;0;822;1;0
"
InterContinental Bangkok
";8,9;79;4,1;5;1;831;1;0
"
Pathumwan Princess Hotel
";8,9;61;3;5;0;2149;1;0
"
ibis Bangkok Siam
";8;28;2,8;3;0;2247;1;0
"
Mercure Bangkok Siam
";8,5;32;2,8;4;0;1700;1;0
"
Holiday Inn Express Bangkok Sathorn
";8,8;28;4,5;3;1;504;1;0
"
Centara Grand At Centralworld
";8,7;75;3,7;5;0;881;1;0
"
Centara Grand at Central Plaza Ladprao Bangkok
";8,6;60;9;5;0;593;1;0
"
SO/ BANGKOK
";9;98;5;5;0;869;1;0
"
Holiday Inn Bangkok Sukhumvit
";8,4;44;6;4;0;572;1;0
"
Mercure Bangkok Sukhumvit 24
";8,4;33;7;4;0;132;1;0
"
Grande Centre Point Hotel Ploenchit
";8,5;41;4,8;5;0;1261;1;0
"
Sheraton Grande Sukhumvit, A Luxury Collection Hotel
";9,2;83;6;5;1;807;1;0
"
Asia Airport Hotel
";7,9;24;26;4;0;968;1;0
"
JW Marriott Hotel Bangkok
";8,9;114;5;5;0;601;1;0
"
Royal Orchid Sheraton Hotel and Towers
";8,6;72;3,1;5;0;2335;1;0
"
Holiday Inn Bangkok
";8,8;45;4,1;4;0;850;1;0
"
ibis Bangkok Sukhumvit 24
";8,3;25;7;3;0;232;1;0
"
Hotel Nikko Bangkok
";8,9;89;8;5;0;640;1;0
"
The Residence on Thonglor by UHG
";8,5;25;8;4;0;651;1;0
"
Sindhorn Midtown Hotel Bangkok
";9,4;60;4,3;4;0;18;1;0
"
Hotel Verve
";8,8;20;8;4;0;196;1;0
"
Sofitel Bangkok Sukhumvit
";8,7;89;5;5;0;440;1;0
"
The Okura Prestige Bangkok
";9,3;140;4,8;5;1;549;1;0
"
The Quarter Phromphong by UHG
";9;22;6;4;0;514;1;0
"
Bangkok Marriott Hotel The Surawongse
";9,3;66;3,7;5;0;1731;1;1
"
Siri Sathorn Bangkok by UHG
";8,6;20;5;5;0;1263;1;0
"
ibis Bangkok Sathorn
";7,9;22;5;3;0;1703;1;1
"
FuramaXclusive Asoke, Bangkok
";8,1;29;6;4;1;507;1;0
"
Centre Point Sukhumvit 10
";8,5;33;6;4;0;2459;1;1
"
Emporium Suites by Chatrium
";8,6;82;7;5;0;825;1;0
"
Pullman Bangkok Hotel G
";8,4;58;4;5;0;932;1;0
"
Centre Point Chidlom
";8,5;34;4,5;4;0;1676;1;0
"
Asoke Residence Sukhumvit by UHG
";8,3;21;6;4;0;1931;1;1
"
W Bangkok Hotel
";9,1;91;4,5;5;0;704;1;0
"
Amari Don Muang Airport Bangkok
";8,6;65;21;5;0;4015;1;0
"
Adelphi Suites Bangkok
";8,9;32;5;4;0;1390;1;0
"
Ibis Bangkok Riverside
";8,1;28;4,2;3;0;5000;1;0
"
Fraser Suites Sukhumvit - Bangkok
";8,8;44;5;5;0;1209;1;0
"
Chatrium Hotel Riverside Bangkok
";9,1;66;5;5;0;2356;1;0
"
Amora NeoLuxe Suites Hotel
";8,2;19;7;4;0;2032;1;0
"
Bangkok Marriott Hotel Sukhumvit
";8,9;58;8;5;0;1638;1;0
"
Crowne Plaza Bangkok Lumpini Park
";8,7;57;4,3;5;0;341;1;0
"
Legacy Suites Hotel Sukhumvit
";8,8;50;6;4;0;546;1;0
"
Holiday Inn Bangkok Silom
";8,6;41;4;4;0;1642;1;0
"
Mandarin Oriental Bangkok
";9,5;296;3,6;5;1;101;1;0
"
Zircon Hotel
";8,5;13;14;4;0;861;1;0
"
Mandarin Hotel Managed by Centre Point
";8,6;74;3,5;4;0;996;1;0
"
Furama Silom Hotel
";7,9;18;4;4;0;1721;1;0
"
Somerset Maison Asoke Bangkok
";9,2;54;6;4;0;524;1;0
"
Grand Hyatt Erawan Bangkok
";8,9;83;4;5;0;595;1;0
"
Navalai River Resort
";8,5;25;1,4;4;0;2240;1;0
"
Amarin Hotel Rama 8
";9,1;23;2,6;3;0;86;1;0
"
TK Palace Hotel & Convention
";7,8;41;16;5;0;333;1;0
"
Shangri-La Hotel, Bangkok
";8,9;115;4;5;0;2162;1;0
"
Grand Mercure Bangkok Fortune
";8,3;55;6;4;0;294;1;0
"
ibis Styles Bangkok Ratchada
";8,2;36;7;3;0;306;1;0
"
Craftsman Bangkok
";8,9;26;5;4;0;838;1;0
"
Miracle Grand Convention Hotel
";8,3;28;15;4;0;705;1;0
"
The Quarter Ari by UHG
";8,9;27;5;4;0;2690;1;0
"
FuramaXclusive Sathorn, Bangkok
";8,1;27;4,5;4;0;1241;0;0
"
Bed by Tha-Pra
";7,9;15;5;2;1;814;1;0
"
The Quarter Ploenchit by UHG
";8,9;28;5;4;0;82;1;0
"
Hilton Sukhumvit Bangkok
";8,4;51;7;5;0;662;1;0
"
The Peninsula Bangkok
";9,3;423;3,7;5;0;533;1;0
"
Residence 187
";7,5;23;5;4;0;302;1;0
"
SKYVIEW Hotel Bangkok
";8,8;58;7;5;0;1244;1;0
"
The Duchess Hotel and Residences
";8,4;33;4,5;5;0;348;1;1
"
U Sathorn Bangkok Resort
";8,9;66;6;5;1;260;1;0
"
The Westin Grande Sukhumvit, Bangkok
";8,8;68;6;5;0;443;1;0
"
Viva Residence
";8,3;15;19;4;0;513;1;0
"
Oakwood Residence Sukhumvit 24
";8,3;50;7;4;0;200;1;0
"
Riva Surya Bangkok
";9,2;55;1,6;4;0;869;1;0
"
Swissotel Bangkok Ratchada
";8,6;58;7;5;0;222;1;0
"
X2 Vibe Bangkok Sukhumvit Hotel
";8,3;31;11;4;0;812;1;0
"
Akyra Thonglor Bangkok
";9,1;83;8;5;0;595;1;0
"
The Athenee Hotel, A Luxury Collection Hotel, Bangkok
";9,1;107;4,8;5;0;607;1;0
"
Shama Lakeview Asoke
";8,5;33;6;4;0;987;1;0
"
The Quarter Ladprao by UHG
";8,9;30;8;4;0;2539;1;0
"
The Bedroom Ladprao 101 Bangkok
";8,6;13;14;4;0;849;1;0
"
Somerset Sukhumvit Thonglor
";8,7;68;8;4;0;469;1;0
"
Baiyoke Sky Hotel
";7,8;28;3,8;4;0;6033;1;0
"
Patumwan House
";8,3;16;2,8;3;0;1890;1;0
"
Royal Princess Larn Luang
";8,2;27;0,85;4;0;1144;1;0
"
Vib Best Western Sanam Pao
";9;24;4,4;3;0;765;1;0
"
Shama Sukhumvit Bangkok
";8,2;49;5;4;0;768;1;0
"
Renaissance Bangkok Ratchaprasong Hotel
";8,9;65;4,2;5;0;748;1;0
"
Prom Ratchada Hotel
";8,2;22;7;4;1;822;1;0
"
The Quarter Hualamphong by UHG
";9,3;20;2,3;4;0;11;1;0
"
Somerset Ekamai Bangkok
";8,6;59;9;4;0;1358;1;0
"
Shanghai Mansion Bangkok
";8,9;21;1,9;4;0;1135;1;0
"
LA49 Hotel
";9,1;27;8;3;0;1189;1;0
"
IWISH Hotel
";8,1;23;11;4;0;128;1;1
"
Dazzle Residence
";8,1;29;5;4;0;232;1;0
"
Yaks House Hostel
";8,7;15;2,6;3;0;449;1;0
"
Grand Asoke Residence Sukhumvit
";8,9;41;6;4;0;64;1;0
"
Eastin Grand Hotel Sathorn
";9,3;93;4,5;5;0;4727;1;0
"
Vinary Hotel
";7,8;16;6;3;0;388;1;0
"
Nouvo City Hotel
";8,5;30;1,1;4;0;4371;1;0
"
Centra by Centara Government Complex Hotel & Covention Centre Chaeng Watthana
";8,1;41;15;4;0;204;1;0
"
Le Tada Residence
";8,5;21;3,8;3;0;558;1;0
"
Chatrium Residence Sathon Bangkok
";8,6;47;6;4;0;1305;1;0
"
Ibis Bangkok Sukhumvit 4
";7,6;21;5;3;0;1921;1;0
"
Red Planet Bangkok Surawong
";8,2;20;3,9;3;0;404;1;0
"
Siam@Siam, Design Hotel Bangkok
";8,8;35;2,5;5;0;1666;1;1
"
Baan Wanglang Riverside, Bangkok
";8,6;37;2,1;3;0;854;1;0
"
The Iconic Don Mueang by Andacura
";8;23;19;4;0;104;1;0
"
Pantip Suites
";8,1;43;5;4;0;2665;1;0
"
Amari Watergate Bangkok - SHA Certified
";8,5;59;3,8;5;0;2841;1;0
"
Asia Hotel Bangkok
";7,6;34;2,8;4;0;2823;1;0
"
Ramada Plaza by Wyndham Bangkok Menam Riverside
";8,4;94;5;5;0;1847;1;0
"
Siam Champs Elyseesi Unique Hotel
";8,6;38;0,3;3;1;1049;1;0
"
Miramar Hotel
";7,8;22;1,1;4;0;1580;1;0
"
Livotel Hotel Kaset Nawamin Bangkok
";7,9;20;12;4;0;553;1;0
"
The Siam Heritage Hotel
";8,4;71;4;4;0;831;1;0
"
Bed By City Surawong-Patpong Hotel
";8,6;15;3,7;3;0;1140;1;0
"
Hotel Tranz
";8,8;42;3,1;4;0;942;1;0
"
THA City Loft Hotel by TH District
";8,4;17;9;3;0;955;1;0
"
New Siam Palace Ville Near Siriraj Hospital
";7,9;25;1,4;3;0;4794;1;0
"
Grand Tower Inn Sathorn Hotel
";8,2;19;3,9;4;0;674;1;0
"
I Residence Hotel Silom
";7,8;32;4,5;4;1;1620;1;1
"
Park Hyatt Bangkok
";9,4;221;4,8;5;0;271;1;0
"
Le Grande City Pratunam
";6;14;3,5;3;0;28;1;0
"
D Varee Xpress Pula Silom, Bangkok
";8,2;24;4,3;3;0;1272;1;0
"
ASAI Bangkok Chinatown
";9,4;27;1,8;3;0;9;1;0
"
Hotel Royal Bangkok@Chinatown
";8,4;37;1,8;4;0;3945;1;0
"
Hotel Ordinary Bangkok
";8,9;18;4;4;0;152;1;0
"
The St. Regis Bangkok
";9,1;200;4,2;5;0;207;1;1
"
Solo Express Sukhumvit 81
";7,9;18;12;3;0;1048;1;0
"
Banyan Tree Bangkok
";8,9;99;5;5;0;1800;1;0
"
Zensation The Residence
";8,5;29;5;4;0;306;1;1
"
Hotel Once Bangkok
";8,4;47;5;4;0;286;1;1
"
Citichic Sukhumvit 13 by Compass Hospitality
";7,8;18;5;3;0;452;1;1
"
Rezt Bangkok
";8,8;13;7;3;0;1025;1;0
"
VIE Hotel Bangkok, MGallery
";9,1;63;2,9;5;0;594;1;0
"
Marsi Hotel Bangkok
";8;18;14;4;0;140;1;0
"
Happy 3
";8,7;24;2,5;3;0;1611;1;0
"
Livotel Hotel Lat Phrao Bangkok
";7,9;13;13;4;0;574;1;0
"
Benviar Tonson Residence
";8,5;53;4,7;4;0;458;1;1
"
Picnic Hotel Bangkok - Rang Nam
";8,1;22;3,8;4;0;484;1;0
"
Siam Nitra Boutique Hotel
";8,5;31;2,9;3;0;373;1;1
"
Citrus Sukhumvit 13 Nana Bangkok by Compass Hospitality
";7,8;18;5;4;0;1249;1;0
"
Grand Mercure Bangkok Asoke Residence
";8,4;60;6;5;0;352;1;0
"
Q-Box Hotel Bangkok Blossom
";8,4;29;20;5;0;257;1;0
"
Charlie House Pin Klao
";8,5;21;3,7;3;0;1071;1;0
"
Kritthai Residence
";8,8;30;2,7;3;0;1504;1;0
"
The Key Premier Sukhumvit Bangkok by Compass Hospitality
";8,8;61;5;4;0;826;1;0
"
Spittze Hotel Pratunam
";7,8;17;3,3;3;0;145;1;0
"
St. James Hotel
";8;22;7;3;0;152;1;0
"
Column Bangkok Hotel
";8,4;55;6;4;0;255;1;0
"
Dusit Suites Hotel Ratchadamri, Bangkok
";8,8;81;4,2;5;0;404;1;0
"
OYO 251 Matini Ratchada 32
";8,5;15;10;3;0;322;1;0
"
Siam Swana
";7,9;25;2,7;3;0;487;1;0
"
Twin Peaks Sukhumvit Suites
";8,4;68;6;4;0;129;1;1
"
Anantara Siam Bangkok Hotel
";9;144;4,1;5;0;1201;1;0
"
MIDO Hotel
";8,1;25;5;4;1;151;1;0
"
OYO 564 Nature Boutique Hotel
";8,1;16;10;2;0;396;1;0
"
Evergreen Laurel Hotel Sathorn Bangkok
";8,6;51;4,8;5;0;467;1;0
"
Villa De Khaosan by Chillax
";8,8;37;1,2;4;0;2863;1;0
"
Apartelle Jatujak Hotel
";9,1;24;9;3;0;465;1;0
"
Hyatt Regency Bangkok Sukhumvit
";9,1;133;5;5;0;416;1;0
"
The Journey Hotel Laksi
";8,6;21;14;3;0;587;1;0
"
D Varee Xpress Makkasan Hotel
";7,2;25;6;3;0;906;1;0
"
Tèja Hotel Bangkok at Nana
";7,5;17;5;3;0;228;1;1
"
Sakura Sky Residence
";7,5;14;7;3;0;1394;1;0
"
New Siam Riverside Near Siriraj Hospital
";7,9;28;1,6;3;0;3369;1;0
"
Regent Ramkhamhaeng 22
";8,1;22;11;3;0;333;1;1
"
The Emerald Hotel
";7,9;43;7;4;0;426;1;0
"
Grand China Hotel
";7,9;29;1,5;4;0;1140;1;0
"
The Victory Executive Residences Bangkok
";7,7;24;3,5;4;0;2888;1;1
"
Hotel PAPA Bangkok Siriraj - SHA Certified
";8,8;21;2,6;3;0;74;1;1
"
Resort M Bangkok - BTS Onnut
";7,7;20;12;3;0;990;1;0
"
Riva Arun Bangkok
";9,1;116;2;4;0;622;1;1
"
Amanta Hotel & Residence Ratchada
";8,5;53;6;4;0;155;1;0
"
The Xtreme Suites
";7,4;15;13;4;0;291;1;0
"
Hansar Bangkok
";8,6;66;4,2;5;0;249;1;1
"
Viva Garden Serviced Residence
";8,9;51;12;4;0;665;1;0
"
Samran Place Hotel
";7,9;37;2,5;3;1;625;1;0
"
Salin Home Hotel Ramkhamhaeng
";8,6;12;14;2;0;154;1;1
"
YELLO ROOMS Victory Monument
";9;29;3,7;3;0;489;1;0
"
SCENE BANGKOKNOI HOTEL
";8,7;48;2,7;4;0;111;1;0
"
Citadines Sukhumvit 16 Bangkok
";8,9;44;6;4;0;683;1;0
"
Kokotel Bangkok Dheva Thonglor
";9,3;42;8;4;0;23;1;0
"
Hotel Solo, Sukhumvit 2, Bangkok
";8;41;5;4;0;1054;1;0
"
The Tawana Bangkok
";8;22;4;4;0;646;1;1
"
Kokotel Bangkok Sukhumvit 50
";9;31;11;3;0;624;1;0
"
Bangkok Tree House
";7,7;97;12;4;1;176;1;1
"
Narai Hotel
";8;28;4;4;0;1600;1;0
"
Staybridge Suites Bangkok Thonglor
";9,2;68;8;4;1;41;1;0
"
B Stay Hotel
";8,3;26;11;4;1;217;1;1
"
Cape House Langsuan Hotel
";8,8;80;4,5;5;1;407;1;0
"
True Siam Rangnam Hotel
";8,4;17;3,7;3;0;712;1;0
"
Somerset Park Suanplu
";8,6;65;5;5;0;563;1;0
"
S31 Sukhumvit Hotel
";8,3;130;7;5;1;546;1;0
"
The Tarntawan Hotel Surawong Bangkok
";7,9;25;4;4;0;365;1;0
"
B-yourhome
";7,9;19;21;4;0;1076;1;0
"
Riverview Residence Managed by GN
";7,7;16;2,5;2;0;635;1;1
"
Arcadia Suites Ploenchit Sukhumvit by Compass Hospitality
";8,2;64;4,9;4;0;496;1;0
"
KOS Hotel Suvarnabhumi Airport
";9;41;26;3;0;24;1;0
"
The Raweekanlaya Bangkok
";8,5;51;1,4;5;0;1167;1;0
"
Zen Hotel
";8,5;14;6;3;0;25;1;1
"
Amara Bangkok Hotel
";9;37;3,9;4;0;2076;1;0
"
Centre Point Sukhumvit Thong-Lo
";8,6;60;8;4;0;356;1;0
"
The Narathiwas Hotel & Residence Sathorn Bangkok
";7,9;27;7;4;0;582;1;0
"
Nimit Boutique Hotel
";8,4;42;7;3;0;129;1;1
"
UMA Residence
";8,1;28;3,3;3;0;367;1;1
"
Alt Hotel Nana by UHG
";7,8;30;5;4;0;1325;1;1
"
Maverick Ratchada Hotel
";8,2;21;7;3;0;759;1;0
"
Villa Phra Sumen Bangkok
";8,9;23;0,5;3;0;1317;1;0
"
Le Siam Hotel
";8,6;28;4,5;4;0;524;1;1
"
Khaosan Art Hotel
";8;13;1,5;2;0;4929;1;0
"
39 Boulevard Executive Residence
";8,3;45;7;4;0;177;1;1
"
NAP Hotel Bangkok
";8,3;18;3,4;3;0;236;1;0
"
LUXX Langsuan Hotel
";7,7;30;4,5;4;0;336;1;0
"
Park Village Rama II
";8,4;38;13;4;1;199;1;1
"
The Home Hotel
";8,2;14;14;4;0;647;1;0
"
S30
";6,6;14;7;3;0;783;1;1
"
Adelphi Grande Sukhumvit
";8,2;28;7;4;0;317;1;1
"
Tints of Blue Hotel
";8,8;24;6;3;1;880;1;1
"
Golden Pearl Hotel
";8,3;35;14;3;0;87;1;1
"
Top High Airport Link Hotel, Bangkok
";8;32;3,4;3;0;1854;1;0
"
Theatre Residence
";9;50;2,1;4;0;940;1;0
"
Livotel Hotel Hua Mak Bangkok
";7,8;13;14;4;0;594;1;0
"
Oriental Residence Bangkok - SHA Certified
";9,1;114;4,8;5;1;664;1;0
"
Bann Bunga
";6,3;13;2,6;2;0;237;1;1
"
Gold Orchid Bangkok Hotel
";7,5;35;7;4;1;68;1;1
"
Retro39
";7,8;19;7;3;0;280;1;1
"
The Mix Bangkok - Phrom Phong
";7,3;13;7;3;0;429;1;1
"
VIX Bangkok at Victory Monument
";9,5;22;3,9;3;0;15;1;0
"
Cubic Bangna
";8,9;31;14;3;0;66;1;0
"
Bangkok City Hotel
";7,5;35;2,5;3;1;1038;1;0
"
Trang Hotel Bangkok
";7,6;27;1;3;0;1386;1;0
"
Wendy House
";8,1;18;2,8;3;1;803;1;1
"
Tuk Tuk Hostel
";8,6;12;3;2;0;636;1;0
"
S44ROOM
";8,5;17;10;3;0;461;1;0
"
De Arni Bangkok
";7,9;35;4;3;0;46;1;0
"
Babo House Bangkok
";7,7;10;1,1;3;0;989;1;0
"
Aspira One Sutthisan
";8,6;28;8;4;0;218;1;0
"
Vic3 Bangkok
";8,3;23;4,5;4;0;307;1;0
"
Atrium Boutique Hotel
";8,2;22;8;3;1;1350;1;0
"
Resort V - MRT Huai Khwang
";8,1;16;7;3;0;1069;1;0
"
Aspira Sukhumvit
";8,1;22;5;4;0;596;1;0
"
Chang Siam Inn
";8,1;11;4,5;2;0;715;1;1
"
OYO 498 Ladawan Villa
";7,2;11;10;3;0;41;1;0
"
OYO 714 Chevasai Vipawadee 42
";6,8;15;11;2;0;33;1;0
"
Tongtara Riverview Hotel
";8;51;6;4;0;328;1;1
"
iSanook Bangkok
";8,6;29;3,1;4;0;2385;1;1
"
Sukhon Hotel
";9,2;33;3,1;3;1;499;1;1
"
The Ex Capital Hotel
";8,6;32;4,4;3;1;130;1;0
"
Onyx Hotel Bangkok
";8,1;39;13;4;1;112;1;1
"
Jasmine Resort Bangkok SHA Certified
";8,3;47;10;5;0;212;1;0
"
MyBed Ratchada
";7,9;21;9;2;0;334;1;1
"
At Hua Lamphong Hotel
";7,9;19;2,4;3;0;829;1;0
"
CK2 Hotel
";8,3;17;7;3;0;1040;1;0
"
Citadines Sukhumvit 23 Bangkok
";8,6;38;6;4;0;1173;1;0
"
Parvena Ratchada
";8,6;19;6;2;0;26;1;0
"
Khaosan Palace Hotel
";7,5;32;1;3;0;3172;1;0
"
Conrad Bangkok Residences
";7,9;53;5;5;0;34;1;0
"
One One Bangkok
";8,2;29;8;3;0;211;1;0
"
Park 19 Residence
";8,2;27;9;3;0;418;1;1
"
ARUN Riverside Bangkok
";8,9;65;2;4;1;101;1;1
"
Ad Lib
";8,9;102;5;5;0;1709;1;1
"
CHERN Bangkok
";8,7;22;0,6;3;0;2509;1;0
"
Sathorn Vista, Bangkok - Marriott Executive Apartments
";8,8;88;5;5;0;236;1;0
"
The Royal River Hotel
";7,9;49;3,1;4;1;493;1;0
"
Anajak Bangkok Hotel
";9;39;3,1;4;1;1140;1;1
"
Hyde Park Hotel Bangkok
";8,5;28;4,2;3;0;160;1;0
"
Metro Point Bangkok
";8;27;13;4;1;135;1;0
"
Good Start Apartment
";8,1;19;2,2;2;0;233;1;1
"
Every Surawong
";9,1;21;3,8;3;0;139;1;1
"
Marriott Executive Apartments Sukhumvit Park
";8,8;97;7;5;0;220;1;1
"
The Mulberry Bangkok Khaosan Road
";8,8;22;0,85;3;0;127;1;0
"
Waldorf Astoria Bangkok
";9,2;234;4;5;0;213;1;0
"
OYO 705 Hostel@seatzstation
";8,6;13;11;2;0;58;1;1
"
V Varee Bangkok
";7,3;23;1,5;3;1;269;1;0
"
The Grand Fourwings Convention Hotel Bangkok
";8,5;69;15;5;0;189;1;0
"
Rongratana Executive Residence
";8,7;56;4,5;5;0;133;1;1
"
3Howw Hostel @ Sukhumvit 21
";8,3;16;6;2;1;1400;1;1
"
Sweet Loft Hotel Don Muang
";7,1;18;21;3;1;65;1;1
"
OYO 411 Grandview Condo 15
";6,4;17;9;3;0;22;1;0
"
OYO 137 Kitzio House
";8,7;18;7;3;0;186;1;0
"
7 Days Premium at Icon Siam Station
";8,5;22;3,5;3;0;156;1;1
"
OYO 568 Art Hotel Hua Lamphong
";7,3;10;2,2;2;0;493;1;0
"
Boss mansion
";7,9;26;9;3;0;230;1;0
"
Josh Hotel
";8,1;28;5;4;0;485;1;0
"
The Bangkok Major Suite
";7,6;20;11;3;0;147;1;1
"
Thaisun Bangkok Hotel
";8,1;746;10;4;1;13;1;1
"
S Box Sukhumvit Hotel
";8,4;30;7;3;0;762;1;0
"
Hotel Mermaid Bangkok
";8,4;23;6;4;0;509;1;0
"
Triple Y Hotel
";9;47;3,4;4;0;272;0;0
"
The Pantip Hotel Ladprao Bangkok
";7,8;22;15;4;0;71;1;0
"
De Centro Bangkok
";6,9;25;3,8;4;0;186;1;0
"
Loft Bangkok Hotel
";8,1;35;4,5;4;0;28;1;0
"
Bally Suite Sukhumvit
";7,9;33;7;3;0;528;1;0
"
OYO 302 BB Guesthouse
";7,6;14;12;3;0;100;1;0
"
Howard Square Boutique Hotel
";7,1;16;6;3;0;50;1;0
"
Baan K Residence By Bliston
";8,8;33;5;3;0;327;1;0
"
Sala Rattanakosin Bangkok
";8,2;107;2;4;1;218;1;1
"
Hide Bangkok Hostel
";8,7;10;11;3;1;528;1;1
"
Tai Pan Hotel
";8;28;6;4;0;529;1;0
"
Samyan Serene Hotel
";8,2;29;3,5;3;0;134;1;0
"
Metropole Residence
";8,5;93;7;4;0;230;1;0
"
The Spades Hostel
";8,5;22;2,2;3;0;1082;1;1
"
Like Sukhumvit 22
";8;27;6;3;0;125;0;1
"
Wealth 30th
";8,3;18;13;2;0;129;1;1
"
Marriott Executive Apartments Bangkok, Sukhumvit Thonglor
";9;88;8;5;0;298;1;1
"
Prince Palace Hotel
";7,4;61;1;5;0;6359;1;0
"
Vince Hotel Pratunam
";8,4;22;3,2;4;0;837;1;0
"
P-Park Hotel near Yanhee Hospital
";8,1;22;5;3;0;384;1;0
"
Platinum Deluxe Shopping Apartments
";8,1;16;3,6;2;0;226;1;1
"
Maxim's Inn
";7,6;17;5;3;0;681;1;1
"
Dewan Bangkok
";8,6;40;0,95;3;0;1075;1;0
"
Inn a day
";9,5;69;2;4;1;448;1;1
"
Arnoma Hotel Bangkok
";7,8;40;4;4;0;579;1;0
"
OYO 519 B Min Airport
";6,7;14;22;2;0;6;1;0
"
Sawasdee Hotel @ Sukhumvit Soi 8
";7,8;19;5;3;0;849;1;0
"
The Maruay Garden Hotel
";8;32;12;4;0;245;1;0
"
Gfeel Hostel
";7,7;8;13;2;0;16;1;1
"
OYO 644 Pong Pai House
";8,1;13;27;2;0;13;1;0
"
Rambuttri House
";7,7;16;0,95;2;0;673;1;0
"
Hope Land Hotel Sukhumvit 24
";6,9;37;7;4;0;60;1;1
"
S15
";8,4;80;6;4;1;221;1;0
"
HOFTORS
";8,6;15;12;3;0;106;1;1
"
OYO 387 Little Bangbon
";5,1;12;17;3;0;9;1;0
"
Elizabeth Hotel
";7,1;29;5;3;1;231;1;0
"
Jazzotel Bangkok
";7,4;27;9;3;0;29;1;0
"
Viewplace Mansion Ladprao 130
";7,9;16;13;2;0;68;1;0
"
Adelphi Forty-Nine
";9,1;50;8;4;0;324;1;0
"
Shanti Lodge
";7,9;12;1,7;2;0;642;1;1
"
Rambuttri Village Plaza
";7,6;19;1,2;2;0;14048;1;0
"
OYO 1002 Pinklao Resort
";5,4;21;5;2;0;8;1;0
"
Malaysia Hotel Bangkok
";7,7;26;5;3;0;635;1;0
"
The Berkeley Hotel Pratunam
";8,4;32;4;5;0;588;1;0
"
Sleep With Me Too Bangkok- BTS Phra Khanong
";7,1;13;10;3;0;175;1;0
"
Louis Tavern Hotel
";8,1;50;15;3;0;283;1;0
"
Marriott Executive Apartments Mayfair Bangkok
";8,8;94;4,5;5;0;484;1;1
"
Bangkok 68
";7;17;7;3;0;1009;1;0
"
Rama Gardens Hotel Bangkok
";8,2;51;13;4;0;218;1;0
"
Methavalai Residence Hotel
";8,8;19;0,35;3;0;1109;1;1
"
LiT BANGKOK Residence
";8,8;63;2,8;4;0;104;1;0
"
Nana City Hotel
";7,9;16;5;2;0;643;1;1
"
Arawana Express Chinatown
";7,6;23;1,4;3;0;260;1;1
"
Villa Cha-Cha Banglumphu
";7,7;28;1,1;3;0;2284;1;0
"
OYO 460 Int Place
";6,4;12;6;2;0;51;1;0
"
Monomer Hostel Bangkok
";8,6;25;2,8;2;0;635;0;1
"
OYO 547 Happy Home
";6,1;14;26;3;0;13;1;0
"
Oakwood Residence Sukhumvit Thonglor Bangkok
";8,6;55;8;4;0;76;1;1
"
OYO 471 Sunshine Apartment
";5;11;21;2;0;11;1;0
"
Parkview Ratchaprarop
";7,3;14;4,2;3;0;39;1;0
"
Mövenpick Hotel Sukhumvit 15 Bangkok
";8,4;276;5;5;0;4998;1;0
"
OYO 404 P9 Bangkok
";8,8;15;11;2;0;29;1;0
"
Cubic Pratunam
";7;17;3,3;3;0;335;1;0
"
A-ONE Bangkok Hotel
";8,1;42;8;4;0;346;1;0
"
Hotel De Bangkok
";7,8;34;4;3;0;279;1;0
"
The Sukhothai Bangkok
";9;244;5;5;1;577;1;0
"
Mida Hotel Don Mueang Airport
";7,6;32;16;4;0;158;1;1
"
Stable Lodge
";8,1;25;5;3;0;733;1;0
"
Buddy Lodge, Khaosan Road
";8,3;37;0,85;3;0;1763;1;0
"
Aspira Tropical Residence Thong Lor
";8,5;40;8;4;0;431;1;0
"
14 Place
";8,4;25;10;3;0;135;1;1
"
Avani Atrium Bangkok Hotel
";8,4;64;7;5;0;2692;1;0
"
Lantana Resort
";7,7;42;8;3;0;85;1;0
"
Bangkok City Link Hotel
";8,7;29;4,1;3;0;319;1;1
"
Ratchada Boutique Hotel
";8,6;23;7;4;0;199;1;1
"
Jasmine Grande Residence SHA Certified
";8;43;9;5;0;173;1;0
"
Convenient Park Bangkok
";6,4;22;13;4;1;140;1;0
"
Naga Residence
";9,1;29;4,2;3;0;716;1;0
"
FOODOTEL
";9,4;26;3,2;3;0;87;1;1
"
Town in Town Hotel Bangkok
";7,1;36;11;4;0;72;1;0
"
14 Residence
";7,8;25;12;3;0;119;1;1
"
The Sunreno Hotel
";8,2;35;5;3;0;197;1;1
"
The Embassy Sathorn
";6,8;25;5;3;1;995;1;0
"
So good Hotel Bangkok
";8,4;18;9;3;0;545;1;1
"
Metro hotel
";7,7;30;2,5;3;1;422;1;0
"
Lucky Green View
";8,1;14;14;4;0;133;1;0
"
Greenview Ekkamai10 Suite
";8;17;9;3;0;716;1;1
"
S Ratchada Leisure Hotel
";7;69;8;5;1;4;1;1
"
Pas Cher Hotel de Bangkok
";8,1;24;4,3;3;0;755;1;0
"
Baiyoke Suite Hotel
";6,6;22;3,8;3;0;629;1;0
"
True Siam Phayathai Hotel
";8,1;19;3,4;3;0;332;1;0
"
Ariva Ivy Servizio Thonglor
";7,8;38;8;4;0;260;1;1
"
Narra Hotel
";8,4;27;16;4;0;550;1;0
"
The Bless Hotel and Residence
";8,5;29;7;4;0;188;1;0
"
Icare Residence & Hotel
";8,2;25;11;3;0;6;1;0
"
Pho Place
";8,6;18;2;3;0;466;1;0
"
OYO 426 All Day Hostel @ Sukhumvit
";9;21;12;3;0;129;1;1
"
Kokotel Bangkok Surawong
";8,6;28;3,8;3;0;366;1;0
"
OYO 753 Atnest Hostel
";8,2;11;4,1;2;0;35;1;1
"
The Key Sukhumvit Bangkok by Compass Hospitality
";8,1;19;6;3;0;238;1;1
"
The Grand Sala Thai
";8,5;41;12;4;0;42;0;1
"
Amari Residences Bangkok
";8,1;68;8;4;0;392;1;0
"
Jasmine City Hotel
";8,5;58;6;5;0;220;1;0
"
Hostel Urby
";9,3;15;2;3;0;517;1;1
"
OYO 615 Bossa House Hostel & Cafe
";8,5;12;14;2;0;28;1;1
"
Karnmanee Palace Hotel
";7,5;32;5;4;1;202;1;0
"
Hallton Hotel Bangkok
";8,4;23;8;3;0;170;1;1
"
I Residence Hotel Sathorn
";8,3;19;5;3;0;423;1;0
"
In a Box Hostel
";8,9;20;3;1;0;524;1;1
"
Drop Inn Bangkok
";8,2;20;6;2;0;109;1;0
"
House Of Papa Bangkok Siam
";8,5;32;2,6;3;0;295;1;0
"
OYO 106 5 Chang Palace
";8,3;13;17;2;0;457;1;0
"
OYO 405 Ruan Plaisoi Apartment
";7,5;14;11;3;0;101;1;0
"
iCheck inn Residence soi 2
";7,9;18;5;3;0;178;1;0
"
W22 by Burasari
";8,8;22;1,8;3;0;1880;1;1
"
Sleep Hotel Bangkok
";8,2;16;9;3;0;385;1;0
"
Amaranta Hotel
";8,5;42;8;4;0;398;0;0
"
Be Wish Residence
";8,5;23;4,3;3;0;130;1;1
"
Eastin Hotel Makkasan, Bangkok
";7,9;34;4,5;4;0;623;1;1
"
The Little Pig Sukhumvit
";8,4;19;10;2;0;356;1;1
"
OYO 439 Bed & Bus
";7,9;17;5;2;0;16;1;0
"
Parvena Hotel Sathorn
";8,5;25;5;3;0;1015;1;0
"
48 Ville Donmuang Airport
";7,5;13;18;3;0;280;1;1
"
4 Monkeys Hotel
";8,7;13;1,1;4;0;157;1;0
"
Siam Palace hotel
";7,4;18;5;3;0;465;1;0
"
Chateau de Sukhumvit
";8;22;11;3;0;673;1;0
"
OYO 318 Pak D Resort
";7,7;19;16;2;0;61;1;0
"
Bansabai Hostelling International
";7,1;17;13;3;0;189;1;1
"
Baron Zotel Bangkok
";8;15;14;4;0;367;0;0
"
OYO 117 King One Suvarnabhumi
";7,4;13;23;2;0;390;1;0
"
Mall Suites Express
";6,9;17;15;3;0;56;1;0
"
OYO 102 Diamond Residence Silom
";7,2;18;4;3;0;288;1;0
"
Grand Howard Hotel Bangkok
";7,5;43;6;5;0;142;1;1
"
Sivatel Bangkok
";8,8;130;4,8;5;1;447;1;1
"
OYO 225 Premier Place Bangkok
";7,8;21;3,5;3;0;247;1;0
"
Newyork Suite Hotel
";6,7;16;6;2;0;301;1;0
"
Royal View Resort - Rang Nam
";9;22;3,8;3;0;829;1;0
"
Lancaster Bangkok
";9,1;87;6;5;0;623;1;0
"
Feung Nakorn Balcony Rooms and Cafe
";8,8;39;1,1;3;0;1311;1;1
"
OYO 410 Diamond Boutique Hostel
";4,2;14;11;3;0;5;1;0
"
IR-ON Hotel
";8,2;29;8;3;0;186;1;0
"
Avani Sukhumvit Bangkok
";8,7;36;11;5;0;196;0;0
"
Capital O OYO 737 Beyond Suite Rama8
";5,8;29;0,65;4;0;5;1;0
"
Gusto Pratunam Hotel
";6,7;15;3,7;4;0;159;1;0
"
Interpartie Hotel
";8,3;22;12;3;1;82;1;1
"
JL Bangkok Hotel
";8,3;32;11;3;0;184;1;0
"
Talakkia Boutique Hotel
";8,6;34;2,8;3;0;588;1;0
"
Glur Central Pratunam
";7,2;9;3,4;3;0;416;1;0
"
iCheck inn Residences Sukhumvit 20
";7,1;19;6;3;0;58;1;0
"
Ruamchitt Plaza Hotel
";7,9;24;5;3;0;680;1;1
"
Hua Chang Heritage Hotel
";8,7;108;2,9;4;0;472;1;0
"
The Royal ThaTien Village
";8,6;19;2;2;0;439;1;1
"
S33 Compact Sukhumvit Hotel
";8,2;23;7;3;0;422;1;1
"
OYO 1061 Peaberry Place Apartment
";8,8;16;9;2;0;70;1;0
"
SK Boutique Mahanakhon
";7,3;17;2,4;3;1;311;1;1
"
OYO 248 Chevasai Bangkok
";7,2;14;5;3;0;412;1;1
"
Holiday Inn Express Bangkok Soi Soonvijai
";8,2;60;8;4;1;475;1;0
"
King Royal 2
";6,8;20;3,9;3;0;147;1;0
"
Studio Ekamai
";7,9;25;9;3;0;273;1;0
"
Jasmine 59 Hotel
";8,7;47;8;5;0;123;1;0
"
The Aiyapura Bangkok
";7,1;18;3,7;3;0;238;1;0
"
Bangkok Midtown Hotel
";8;36;1,9;4;0;622;1;0
"
Silom Studios
";8,5;24;4,7;3;0;348;1;1
"
Kaelyn Cozy Living
";8,8;16;12;2;0;112;1;1
"
The Kaze 34 Hotel and Serviced Residence
";8,6;25;8;3;0;326;1;1
"
P-Park Residence - Charansanitwong-Rama7
";7;21;5;2;0;105;1;1
"
GM Suites
";8,1;25;5;4;0;284;1;0
"
Muangphol Mansion
";7,2;17;2,8;2;0;394;1;0
"
Eco House
";7,7;12;1,7;1;0;611;1;1
"
Luxx Hotel
";7,4;22;4;3;0;84;1;1
"
Old Capital Bike Inn
";9,3;56;0,15;3;1;380;1;1
"
Grand Tower Inn Rama 6
";7,6;27;5;4;1;392;1;0
"
Popcorn House Ratchada
";7,7;20;7;2;0;307;1;0
"
Majestic Suites Hotel
";8,4;32;5;3;0;951;1;0
"
Ton Aor Place Hotel
";7,6;19;8;3;0;226;1;0
"
The Bedrooms Boutique Hotel Bangkok
";8;22;11;3;0;263;1;0
"
Century Park Hotel
";8,4;36;4,1;4;0;213;1;1
"
Bangkok City Suite
";7,2;27;1,8;2;1;445;1;0
"
Oscar Sukhumvit Bangkok
";8,5;17;7;3;0;6;1;0
"
Sodsai Garden
";7,7;14;4,1;2;0;464;1;1
"
Nantra Silom
";6,8;13;4,2;2;0;482;1;1
"
P29
";7,7;11;17;5;0;7;1;0
"
Taraplace Hotel Bangkok
";8,9;28;1,1;3;0;1830;1;0
"
Matchbox Bangkok Hostel
";8,3;12;7;3;0;50;1;0
"
Gulliver's Tavern Hotel
";8,3;28;5;3;0;136;1;1
"
OYO 274 Meesook Residence
";7,8;15;12;3;0;231;1;0
"
iSanook Hostel
";8,9;21;3,1;3;0;456;1;1
"
Siam Piman Hotel
";7,7;35;23;4;0;126;1;0
"
MeStyle Museum Hotel
";8,9;32;8;4;0;76;1;0
"
Bliston Suwan Park View
";8,4;66;4,6;4;0;271;1;0
"
Ratchada Point Hotel
";7,7;19;8;3;0;232;1;0
"
Casa Vimaya Riverside
";8,8;29;0,95;4;0;1760;1;0
"
Moumou Hostel
";8,6;9;10;1;0;149;1;1
"
Platinum Villa
";7,8;18;3,9;3;0;923;1;0
"
14 Resort
";8,2;22;9;3;0;206;1;1
"
All Together Suite Hotel
";7,2;17;8;3;0;115;1;0
"
Al Meroz Hotel Bangkok - The Leading Halal Hotel
";8,7;39;10;5;0;333;1;0
"
Sukhothai Residence Ruam Ruedi
";7,9;34;5;3;0;104;1;0
"
iCheck inn Residences Sathorn
";7,9;34;7;4;0;80;1;0
"
King Royal Garden Inn
";6,9;16;4,5;3;0;286;1;0
"
Romance Hotel Sukhumvit 97
";8,2;36;12;3;1;2412;1;0
"
SK Muang Thong Thani
";6,5;28;17;3;0;24;1;0
"
The Krungkasem Srikrung Hotel
";8,1;23;2,1;2;0;1456;1;0
"
Chiva Bangkok Hotel
";7,6;26;8;3;1;279;1;0
"
OYO 935 The Palm Apartment
";7,7;14;3,8;2;0;12;1;0
"
Le Clarita
";7,6;16;4,1;3;0;202;1;0
"
The State Apartment
";8,4;21;6;3;0;208;1;1
"
V One Pride-Sukhumvit 22, Bangkok
";8,9;25;7;3;0;140;1;0
"
Erawan House
";7,9;20;1,4;2;0;1358;1;0
"
Snooze Hotel Thonglor Bangkok
";5,9;17;8;3;0;113;1;1
"
Siamplaengna Residence <U+0E2A><U+0E22><U+0E32><U+0E21><U+0E41><U+0E1B><U+0E25><U+0E07><U+0E19><U+0E32> <U+0E40><U+0E23><U+0E2A><U+0E0B><U+0E34><U+0E40><U+0E14><U+0E19><U+0E17><U+0E4C>
";9,2;28;8;3;0;23;1;1
"
Sena House
";6,7;24;10;3;0;17;1;1
"
OYO 525 MRT Phetkasem 48 Place
";5,8;12;8;2;0;5;1;0
"
130 Hotel & Residence Bangkok
";8,3;24;13;4;0;474;1;0
"
Nice Palace Hotel
";6,7;16;6;2;0;215;1;0
"
Baan Chart
";8,3;52;1,1;4;0;930;1;0
"
OYO 236 A Sleep Bangkok Sathorn
";8,5;16;5;3;0;290;1;0
"
The Prestige Nana
";7,6;42;5;3;0;185;1;1
"
The Heritage Hotels Sathorn
";6,5;32;4,8;3;1;107;1;1
"
Amanah Bangkok Hotel
";8,9;23;4;4;0;8;1;0
"
Silom Avenue Inn
";7,1;16;4;3;0;506;1;1
"
BED STATION Hostel Ratchthewi
";9,1;20;2,8;2;1;1021;1;1
"
Citadines Sukhumvit 11 Bangkok
";8,4;36;5;4;0;2118;1;0
"
Ratchadamnoen Residence
";8,5;25;0,4;4;0;866;1;1
"
Sleep Box Sukhumvit 22
";8,5;23;7;3;0;588;1;1
"
Zayn Hotel Bangkok
";8,5;45;14;4;0;211;1;1
"
The Aim Sathorn Hotel
";7,3;17;6;3;0;463;1;0
"
Lemontea Hotel
";8,6;24;3,5;3;0;314;1;0
"
Kingston Suites Bangkok
";7,7;58;5;4;0;252;1;0
"
The Plimplace 2
";8,4;38;10;3;0;111;1;0
"
Abloom Exclusive Serviced Apartments
";8,5;55;4,3;4;0;272;1;0
"
Best Comfort Residential Hotel
";6,6;41;6;3;1;55;1;1
"
Hope Land Hotel 46/1
";7,3;26;10;4;0;201;1;1
"
Everyday Bangkok Hostel
";8,7;18;3,5;2;0;303;1;1
"
P18 hotel
";9,3;26;3;3;0;475;1;0
"
Happyland Mansion
";7;17;15;3;0;141;1;0
"
Analog Hostel
";9;17;6;3;0;272;1;1
"
Lemonseed Rooms
";8,2;22;3,2;2;0;175;1;0
"
Bangkok Oasis Hotel
";8,5;37;2,1;3;0;302;1;0
"
39 Living
";7,8;26;7;3;0;246;1;0
"
Avatar Suites Hotel
";7,5;38;5;4;0;97;0;1
"
Escape at Sathorn Terrace
";8,3;30;4,3;3;0;22;1;1
"
Golden House
";7,2;31;4,2;3;0;735;1;0
"
Northgate Ratchayothin
";8,2;38;10;4;0;155;1;0
"
PomPom Home
";9,4;45;16;3;0;5;1;1
"
Baansuanprannok Hotel
";9,1;28;3,2;4;0;762;1;0
"
Sleep with Me Bangkok - BTS Phra Khanong
";7,5;14;10;3;0;381;1;0
"
Heaven@4
";8,1;17;5;3;0;118;1;1
"
Citypoint Hotel
";8,4;42;6;3;0;441;1;0
"
Baron Residence Bangkok
";8,1;19;13;4;0;158;0;0
"
Baan Mina
";8,2;22;10;2;0;122;1;1
"
Modena by Fraser Bangkok
";8,9;46;7;4;0;424;1;0
"
Olive Bangkok Hotel
";8,3;39;13;3;0;194;1;0
"
Aspira Hiptique Sukhumvit 13
";6,4;19;5;3;0;575;1;0
"
Nantra Sukhumvit 39
";6;15;7;3;0;272;1;1
"
Murraya Residence
";7,1;13;12;3;0;12;1;1
"
Admiral Premier Bangkok
";8,1;59;6;4;0;959;1;0
"
GM Serviced Apartment (SHA Certified)
";8,4;55;7;4;1;126;1;0
"
PDA Lord Hotel
";7,9;12;13;3;0;235;1;0
"
Volve Hotel Bangkok
";9,3;146;8;4;1;418;1;0
"
Station 203 Hotel
";8,3;18;24;3;1;13;1;1
"
Bangkok Inter Place
";7,7;31;12;4;1;69;1;1
"
S.D. Avenue Hotel
";7,3;44;3,6;3;0;77;0;1
"
Yotaka Bangkok Hotel
";8,6;26;12;3;0;155;0;0
"
Ten Ekamai Suites by Aspira
";8,1;30;9;4;0;424;1;0
"
OYO 280 Thai Garden Resort
";7,2;16;15;2;0;103;1;0
"
Met a Space Pod @ Asoke
";8,9;20;6;1;0;448;1;0
"
Salil Hotel Sukhumvit Soi 11
";8,1;27;5;4;0;651;0;0
"
The Residence Rajtaevee Hotel
";7,5;22;3,3;3;0;109;1;1
"
BU Place Hotel
";8,1;35;5;4;0;233;1;0
"
Grand President Bangkok
";6,9;42;5;4;0;2066;1;0
"
Grow Residences
";7,8;33;20;3;0;28;1;0
"
Praso@Ratchada12
";8,1;30;7;4;0;407;1;1
"
STAY Hotel BKK
";8,4;51;7;4;0;563;1;0
"
Diff Hostel
";8,8;26;2,8;2;1;411;1;1
"
Hope Land Hotel Sukhumvit 8
";8,3;276;5;4;0;526;1;1
"
OYO 783 Brunch Marker Cafe & Hostels
";8,2;12;0,95;2;0;85;1;1
"
Siri Heritage Bangkok Hotel
";9;50;1;3;1;1660;1;0
"
BRB Hostel Bangkok Silom
";8,1;16;4,2;2;0;385;1;1
"
JS Tower
";7,2;13;11;3;0;245;1;0
"
The Pillow Hostel Khaosan
";7,1;19;0,9;2;0;196;1;1
"
Nine Place Sukhumvit 40
";6,8;13;9;3;0;326;1;0
"
Akara Hotel
";8,6;71;3,9;5;0;447;1;1
"
Florida Hotel
";7,2;27;3,1;2;0;374;1;1
"
Aphrodite Inn Bangkok
";8,5;37;4;3;1;154;1;1
"
China Cozy Asoke
";8,4;22;6;3;0;33;1;1
"
Qiss Residence by Bliston
";8,1;82;9;4;0;6;1;1
"
Aspira D'Andora Sukhumvit 16 - Asoke
";8,4;21;6;3;0;186;1;0
"
RICO Hotel Ratchadapisek 32
";8,9;19;11;3;0;16;1;0
"
OYO 870 Jim’s Lodge Hotel
";7,1;33;5;3;0;219;1;0
"
Royal Ivory Sukhumvit Nana by Compass Hospitality
";6,8;44;5;3;0;1556;1;0
"
Nana Hiso Hotel
";7,5;31;5;3;0;69;1;1
"
Sri Krungthep Hotel
";7,8;19;0,4;2;0;626;1;0
"
OYO 491 5 Diamond
";8,7;14;17;3;0;188;1;0
"
Chinatown Hotel
";7,5;28;1,9;3;0;177;1;0
"
Chaidee Mansion
";7,7;57;5;3;0;46;1;1
"
A House Boutique Guesthouse
";5,8;12;6;1;0;67;1;1
"
OYO 378 Bright Minitel
";8,7;24;0,95;2;0;91;1;1
"
The Moon Night Hotel
";8,1;19;0,95;3;0;495;1;0
"
K.V.Mansion
";8,5;25;12;3;0;231;1;0
"
Atelier Suites
";8,2;25;12;4;0;229;1;0
"
Norn Yaowarat Hotel
";9,1;48;1,8;3;0;1213;1;0
"
The Park Residence @ Bangkok
";7,9;31;7;3;0;181;1;1
"
LiT BANGKOK Hotel
";8,5;73;2,8;5;0;610;1;0
"
OYO 312 Wire Bangkok Hostel Phrakanong
";7,5;13;10;3;0;71;1;0
"
Sitara Place Serviced Apartment & Hotel
";8,6;23;6;3;0;58;0;0
"
Oun Hotel Bangkok
";5,6;26;14;3;0;89;1;0
"
Siri Oriental Bangkok Hotel
";8,6;37;0,9;3;0;197;1;0
"
YWCA International House
";8,2;26;5;3;0;296;1;0
"
Siam Journey Guesthouse
";8,2;15;2,9;2;0;361;1;1
"
Oriental Heritage Residence
";9,1;111;3,5;3;0;1020;0;0
"
The Square 101
";8,8;64;14;5;0;6;1;1
"
White Ivory Bed And Breakfast
";8,9;32;4,2;3;0;402;1;0
"
Your Place
";8,3;25;3,5;3;0;53;1;0
"
The Four Wings Hotel Bangkok
";7,7;30;7;4;0;272;1;0
"
The Diamond 789 Minburi
";7,9;23;24;3;0;19;1;0
"
Montien Riverside Hotel
";8,1;61;7;5;0;289;1;1
"
Cana Boutique Hotel
";9,3;37;3,4;4;1;45;1;1
"
Augusta
";8,5;36;8;2;1;149;1;1
"
G9bangkok
";7,2;31;7;3;0;179;1;0
"
Yellow Ribbon Hills Boutique Suites
";8,5;47;5;3;0;367;1;0
"
42 Place
";6,5;23;16;2;0;14;1;1
"
Ebina House
";7,7;47;15;3;1;30;1;0
"
Kaset Guesthouse
";6,8;14;11;1;0;113;0;1
"
Witchuwan Apartel
";8,1;23;5;3;0;176;1;1
"
United Residence
";9;78;9;3;0;189;1;1
"
Niran Grand Hotel
";6,4;31;15;4;1;44;1;0
"
OYO 801 Inndy Suite
";7;14;14;2;0;7;1;0
"
Royal Suite Hotel Bangkok
";8,1;45;10;4;0;424;1;1
"
Swutel Hotel
";8,3;62;6;3;0;15;1;1
"
Here Hostel Bangkok
";8,7;24;0,25;2;0;2114;1;1
"
PlayHaus Thonglor
";8,8;58;8;3;0;372;1;1
"
A-One Inn
";6,9;20;2,8;2;0;108;1;1
"
OYO 1084 Guyasuka Ratchada
";7,8;9;8;2;0;70;1;1
"
Sereine Sukhumvit 39
";8,4;25;7;3;0;93;1;1
"
Zenniq
";8,4;43;4,3;3;0;220;1;0
"
OYO 483 Pannee Hotel Khaosan
";8,5;21;0,45;2;0;142;1;0
"
Aspira Residence Ruamrudee
";8,4;37;5;4;0;284;1;0
"
Bangkok ShortStay, 2-3BR SUKHUMVIT
";9,1;161;7;4;1;325;1;1
"
Cnc Residence
";8,4;93;7;4;0;152;1;0
"
OYO 308 Wire Bangkok Hostel Onnut
";6,1;11;12;2;0;31;1;1
"
OYO 960 The Urban Age Deluxe
";8,2;27;4;2;0;52;1;1
"
Centric Place Hotel
";7;23;6;3;0;138;1;0
"
The Siam
";8,9;672;2,9;5;1;46;1;1
"
A Room Bangkok Sathorn
";8;17;5;2;0;41;1;0
"
Bangkok Patio
";8,8;46;4,3;4;0;682;1;1
"
Silom Forest Exclusive Residence
";8,7;17;4,5;3;0;99;1;1
"
Tim Mansion
";8;22;0,4;2;0;736;1;0
"
Delight Residence
";8,4;28;16;3;0;152;1;1
"
2Bedtel
";7,7;15;12;4;0;90;1;1
"
Trinity Silom Hotel
";8,1;57;4,5;3;0;411;1;0
"
Le Tada Parkview Hotel
";8,7;30;3,8;4;0;343;1;1
"
Studio Asoke
";6,8;20;6;3;0;119;1;0
"
Spenza Hotel
";8,3;22;3,5;3;0;376;1;0
"
Atlas Bangkok Hotel
";7,6;22;5;3;0;387;1;0
"
Coco Hotel
";7,5;40;18;3;0;39;1;0
"
3Howw Hostel Khaosan
";8,2;16;0,9;2;1;501;1;1
"
Cozy@9Hotel&Kitchen
";8,5;42;7;3;0;50;1;0
"
For You Residence
";7,4;19;4;2;0;314;1;0
"
House 23 Guesthouse
";8,7;20;6;3;1;164;1;1
"
Tongpoon Hotel
";6,8;17;2;3;0;227;1;1
"
Vacation Bangkok, The Artistic Home
";9;61;3,1;3;0;71;1;1
"
Penpark Place
";8;21;1,4;2;0;597;1;0
"
OYO 796 Paradise Sukhumvit Hotel
";1;18;10;3;0;3;1;0
"
BB Garden Resort
";8,5;31;6;3;0;155;1;1
"
OYO 376 Ok Home Airport
";6,4;13;25;2;0;190;1;0
"
Thomson Hotel Huamark
";7,3;57;11;3;0;83;1;0
"
The Fusion Suites
";7,9;47;6;3;0;76;1;0
"
Loft 77
";6,7;20;14;3;0;152;1;0
"
OYO 254 Royal Pimand
";5,5;14;13;3;0;66;1;0
"
Nest by Sangob
";8,5;44;8;3;0;233;1;1
"
Boutique Poo-Yai Lee
";8,5;37;6;3;1;433;1;1
"
The Platinum Suite
";7,4;21;11;4;0;238;1;1
"
Sky dome resotel
";7;33;13;4;1;47;0;1
"
Arawana Regency Park Sukhumvit
";6,3;21;6;4;0;1067;1;0
"
OYO 457 Panasan Villa
";8,3;11;14;1;0;15;1;0
"
Beyond Suite
";6,7;47;4,4;4;1;46;1;1
"
Riverfront Bangkok
";8;40;10;4;0;34;1;1
"
The Inn Saladaeng
";8;29;4,7;3;0;281;1;0
"
S1hostel Bangkok
";8,6;23;5;2;0;168;1;1
"
The Mini R Ratchada
";8,2;36;7;3;0;189;1;0
"
Admire Thonburi
";8;20;3,7;3;0;245;1;1
"
Le Paradis Bangkok
";6,7;22;10;3;0;150;1;0
"
Hi Residence, Bangkok
";7,1;32;5;4;0;222;1;0
"
Klub Hotel
";8,5;86;3,3;4;0;392;1;0
"
Baankhunmae Apartment
";7,2;11;16;2;0;59;1;1
"
Ariyasom Villa
";9,2;166;5;4;1;182;1;0
"
OYO 432 Longzhu Guesthouse
";6,4;22;5;2;0;62;1;0
"
Nine Forty One Hotel
";7,5;52;13;4;1;39;1;1
"
Lee Garden Bangkok
";8;20;12;4;0;16;1;0
"
Fortuna Hotel
";6,3;49;5;3;1;42;1;1
"
Samsen Sam Place
";8,3;15;1,4;2;0;816;1;0
"
V20 Boutique Hotel By Locals
";8,9;72;8;4;1;375;1;0
"
My Hotel Pratunam
";7,2;19;3,5;3;0;59;1;1
"
The Atrium Ratchada 13
";7,6;23;7;3;0;346;1;1
"
Spb Paradise
";7,4;19;8;3;0;148;1;0
"
Good Houses Apartment
";7;22;16;2;0;30;1;1
"
Thanabhumi
";9,5;31;0,7;2;0;815;1;1
"
Primrose Place
";8,6;66;18;2;1;8;1;0
"
Zenith Sukhumvit Hotel
";7,6;81;5;4;1;439;1;1
"
Benjaratch Boutique Apartment
";7,8;17;22;2;0;7;1;0
"
Lost and Found Bed and Breakfast
";8,4;23;4,7;3;0;40;1;1
"
Korbua House
";8;17;0,9;3;0;581;1;1
"
BB Home (Wanghin 46)
";7;16;11;3;0;28;1;1
"
Smile Inn
";7,6;23;0,55;2;0;352;1;1
"
iCheck inn Nana
";7,9;25;5;3;0;649;1;0
"
137 Pillars Residences Bangkok
";9;254;7;5;1;117;1;0
"
P.T. Court
";7,4;62;3,5;3;0;27;1;0
"
Siam Tharadol
";8,3;37;13;5;0;460;1;0
"
VX The Fifty
";7,6;11;11;2;0;185;1;1
"
Lodge 61 Hotel
";7,3;21;9;3;0;311;1;0
"
RALPH Bangkok
";8,4;22;1,9;3;0;210;1;1
"
Alanda Hotel & Apartment
";6,3;28;3,4;3;0;6;1;1
"
Grand Inn Hotel
";6,8;30;5;3;0;327;1;0
"
Baan Noppawong
";9,2;35;0,6;3;0;250;1;1
"
Bedever Bangkok Boutique Hotel
";8,3;21;10;3;0;49;1;1
"
The Cube Hostel
";8,8;17;4,6;3;0;535;1;1
"
Sabai Sabai@Sukhumvit Hotel
";8,1;34;10;3;0;101;1;0
"
OYO 537 Na Banglampoo Hotel
";8;16;1,1;2;0;923;1;0
"
The Qube fifty Hotel
";9,4;25;11;4;1;112;1;0
"
Prince Suites Residence Managed by Prince Palace
";7,2;54;1,1;5;0;292;1;0
"
The Connex Asoke
";8,3;50;6;3;0;401;1;0
"
Right Place Sathorn
";7,2;21;7;2;0;90;1;0
"
Sathorn Saint View Serviced Apartment
";7;19;4,8;2;0;418;1;0
"
The Choice Residence - Adults Only
";9,2;28;8;3;0;104;1;1
"
Orchid Place
";6;11;5;1;0;21;1;1
"
Nantra Ploenchit hotel
";4,9;19;4,8;3;0;31;1;1
"
DT Hotel - Pratunam
";6;14;3,2;2;0;100;1;0
"
Sawasdee Sukhumvit Inn
";7,6;17;8;2;0;229;1;0
"
Baansilom Soi 3
";8;38;4,3;2;0;95;1;1
"
Good One Poshtel & Cafe Bar
";8,4;19;4,2;2;0;246;1;1
"
Livinn91 Hotel
";8,6;44;1,4;3;0;13;1;1
"
Varmtel
";9;27;3,8;3;0;819;1;1
"
The Travellers Hotel
";7,5;26;8;3;0;105;1;0
"
The Raya Surawong Bangkok
";8,3;39;4,1;3;0;111;0;0
"
Swana Bangkok Hotel
";7,6;27;1,1;3;0;317;1;0
"
137 Pillars Suites Bangkok
";9,2;569;7;5;1;41;1;0
"
P&R Residence
";8,3;44;3,2;3;0;432;1;0
"
Sib Kao
";8,9;55;6;3;0;164;1;1
"
D Varee Residence Montara Thonglor 25
";7,9;27;8;3;0;93;1;0
"
OYO 484 Pannee Residence Khaosan
";7,7;24;0,45;2;0;106;1;0
"
Siamaze Hostel
";8,9;16;7;3;1;214;1;1
"
Bossotel Bangkok
";7,9;40;4;3;0;624;1;0
